{
  "timestamp": "2026-02-23T20:09:43.407243",
  "total_markets": 20180,
  "mapped_markets": 20180,
  "total_tickers": 16863,
  "rollable_tickers": 2018,
  "cusip_distribution": {
    "min": 1,
    "max": 54,
    "mean": 1.196702840538457,
    "median": 1.0,
    "std": 0.761499310661806
  },
  "rollable_distribution": {
    "count": 2018,
    "mean": 2.643706640237859,
    "median": 2.0,
    "max": 54
  }
}