name,annual_return,annual_vol,sharpe,sortino,max_drawdown,calmar,n_days,pct_positive_days
risk_parity,-0.13185014126072817,0.08068025664581988,-1.6342305632410188,-1.4601545058355903,-0.34117000992722224,-0.3864646288483979,776,0.452319587628866
risk_parity_tc,-0.13996869796175906,0.08083780877985068,-1.7314756556915372,-1.5520444146664134,-0.35747052911442057,-0.391553111548833,776,0.45103092783505155
equal_weight,-0.10649725235016186,0.15583128072584407,-0.6834138297144834,-0.7839619729542586,-0.31026165332747435,-0.34324980611689176,776,0.49097938144329895
equal_weight_tc,-0.11461580905119276,0.15591281142630475,-0.7351275883147561,-0.8454650038512929,-0.3273253623490249,-0.3501586562943408,776,0.4896907216494845
60/40,0.08755455155642461,0.09400738740793005,0.9313582046110441,1.0477969256062718,-0.12700653012037355,0.6893704715296343,733,0.37789904502046384
60/40+PM(10%),0.07110854570043984,0.08431612229735114,0.8433564514466977,1.04539018172971,-0.11430434151168911,0.6220983801666716,733,0.5266030013642565
SPY,0.1299096153028117,0.13561684733469961,0.9579164967771107,1.0057328560172178,-0.18755240821113928,0.6926576765496099,733,0.3942701227830832
GLD,0.3305197830750987,0.17467620627571642,1.8921854906408495,1.8704744485412474,-0.1386771322042547,2.3833762482792253,733,0.40654843110504774
BTC_USD,0.18101564654296412,0.41134903438140913,0.44005365617346665,0.6670642889380798,-0.497388172985468,0.3639323497711169,733,0.5006821282401092
