method,total_return,sharpe_ratio,max_drawdown,n_rebalances,avg_turnover,final_nav,n_days
risk_parity_liquidity_cap,-0.0004636109251124898,-2.432143383589128,-0.00804843178947104,2,0.5649801854697505,99.95363890748875,113
equal,-0.0006222018878108138,-2.942307937236572,-0.006696944378546784,2,0.5833333333333334,99.93777981121892,113
volume_weighted,-0.0004636109251124898,-2.432143383589128,-0.00804843178947104,2,0.5649801854697505,99.95363890748875,113
