name,annual_return,annual_vol,sharpe,sortino,max_drawdown,calmar,n_days,pct_positive_days
risk_parity,-0.13185014126072817,0.08068025664581988,-1.6342305632410188,-1.4601545058355903,-0.34117000992722224,-0.3864646288483979,776,0.452319587628866
risk_parity_tc,-0.13996869796175906,0.08083780877985068,-1.7314756556915372,-1.5520444146664134,-0.35747052911442057,-0.391553111548833,776,0.45103092783505155
equal_weight,-0.10649725235016186,0.15583128072584407,-0.6834138297144834,-0.7839619729542586,-0.31026165332747435,-0.34324980611689176,776,0.49097938144329895
equal_weight_tc,-0.11461580905119276,0.15591281142630475,-0.7351275883147561,-0.8454650038512929,-0.3273253623490249,-0.3501586562943408,776,0.4896907216494845
60/40,0.08743528473454777,0.09394347459008548,0.9307222786474989,1.0463699963799613,-0.12700652842896276,0.6884314201490205,734,0.3773841961852861
60/40+PM(10%),0.07105031483623353,0.08425865799800962,0.8432405229847347,1.044534480161304,-0.1143043402481495,0.6215889500082546,734,0.5272479564032697
SPY,0.12973265233907613,0.13552467558670603,0.9572622238529228,1.0043628858898235,-0.18755245858548597,0.6917139520191589,734,0.39373297002724794
GLD,0.3300694836431163,0.17455870575814214,1.8908795308120603,1.8679261182298832,-0.1386771322042547,2.3801291416739403,734,0.40599455040871935
BTC_USD,0.18460360771722226,0.4110096204495252,0.44914668302732064,0.6794819847123568,-0.4973881729854681,0.37114595348976204,734,0.5
