method,total_return,sharpe_ratio,max_drawdown,n_rebalances,avg_turnover,final_nav,n_days
risk_parity_liquidity_cap,-0.07679213084727732,-1.192682545782802,-0.10471501233425769,6,0.26428417996780035,92.32078691527227,160
equal,0.1781110195791975,0.8954026238582099,-0.0866026957199425,6,0.6166666666666666,117.81110195791975,160
volume_weighted,-0.07679213084727732,-1.192682545782802,-0.10471501233425769,6,0.26428417996780035,92.32078691527227,160
