,basket_0,basket_1,basket_2,basket_3,basket_5,basket_6,basket_9
basket_0,1.0,0.054357199737392135,0.15049213312770518,0.02212181204453752,0.04517896231163274,0.03978432819035332,0.2762336400113705
basket_1,0.054357199737392135,1.0,0.022670094802996997,0.006962696569881664,0.08306859819494909,0.008281508669749691,0.015154960501113498
basket_2,0.15049213312770518,0.022670094802996997,1.0,-0.011136729081438236,-0.08280814305248682,0.01735665839153188,0.15443205576771918
basket_3,0.02212181204453752,0.006962696569881664,-0.011136729081438236,1.0,0.01296249658227607,-0.0323735892755294,0.06402086398996906
basket_5,0.04517896231163274,0.08306859819494909,-0.08280814305248682,0.01296249658227607,1.0,0.061033721626556015,0.03493256315795433
basket_6,0.03978432819035332,0.008281508669749691,0.01735665839153188,-0.0323735892755294,0.061033721626556015,1.0,0.06108693663526972
basket_9,0.2762336400113705,0.015154960501113498,0.15443205576771918,0.06402086398996906,0.03493256315795433,0.06108693663526972,1.0
