,basket_0,basket_1,basket_2,basket_3,basket_4,basket_5,basket_6,basket_7
basket_0,1.0,0.005339496315967377,0.013727533191833736,0.025898912798237163,-0.01318905500523494,0.0036796202345449284,0.00074356418905976,0.012880952061089372
basket_1,0.005339496315967377,1.0,-0.0618994899433901,0.0270884804532053,-0.016900571079394282,-0.02116725581658113,-0.11608842876261245,-0.16451674428322177
basket_2,0.013727533191833736,-0.0618994899433901,1.0,-0.017596146385001288,0.014359720885036724,-0.09596120653772983,0.12042026706169648,0.0445749877598089
basket_3,0.025898912798237163,0.0270884804532053,-0.017596146385001288,1.0,-0.3113365916579559,0.09921490904900025,-0.08939289750726687,0.05702305308255174
basket_4,-0.01318905500523494,-0.016900571079394282,0.014359720885036724,-0.3113365916579559,1.0,-0.03895384645861929,0.027692767357938065,0.018512935309205784
basket_5,0.0036796202345449284,-0.02116725581658113,-0.09596120653772983,0.09921490904900025,-0.03895384645861929,1.0,-0.04230135856739179,-0.03265116025236989
basket_6,0.00074356418905976,-0.11608842876261245,0.12042026706169648,-0.08939289750726687,0.027692767357938065,-0.04230135856739179,1.0,0.02541854582495783
basket_7,0.012880952061089372,-0.16451674428322177,0.0445749877598089,0.05702305308255174,0.018512935309205784,-0.03265116025236989,0.02541854582495783,1.0
