,basket_0,basket_1,basket_2,basket_3,basket_4,basket_5,basket_6,basket_7
basket_0,1.0,0.006307861619613172,-0.04308521998567143,0.006495845625525718,0.024260493041535675,-0.1596282429791578,0.07847922270318403,0.11981465270636986
basket_1,0.006307861619613172,1.0,0.03595513788743532,0.04396412612869891,0.015762460866523848,-0.006797467435659494,-0.07952095844609192,0.007798980110768851
basket_2,-0.04308521998567143,0.03595513788743532,1.0,-0.0026058342073068006,0.00817898312766652,-0.03844631051459639,-0.6205065736686644,0.019759218315794653
basket_3,0.006495845625525718,0.04396412612869891,-0.0026058342073068006,1.0,-0.08175632669889728,-0.013390089905648618,0.02782404020433323,0.040690393725917096
basket_4,0.024260493041535675,0.015762460866523848,0.00817898312766652,-0.08175632669889728,1.0,0.031813953064097185,-0.042515936357035565,-0.01667269803432364
basket_5,-0.1596282429791578,-0.006797467435659494,-0.03844631051459639,-0.013390089905648618,0.031813953064097185,1.0,-0.033189631282003085,0.19079622792158946
basket_6,0.07847922270318403,-0.07952095844609192,-0.6205065736686644,0.02782404020433323,-0.042515936357035565,-0.033189631282003085,1.0,0.02520362419450009
basket_7,0.11981465270636986,0.007798980110768851,0.019759218315794653,0.040690393725917096,-0.01667269803432364,0.19079622792158946,0.02520362419450009,1.0
